PacketCounter,SampleTimeFine,Quat_W,Quat_X,Quat_Y,Quat_Z
1, 555780254, 0.42591083, 0.6289448, -0.12442064, 0.6383948
2, 555796921, 0.42642355, 0.6289633, -0.12368159, 0.638178
3, 555813588, 0.42659852, 0.6289039, -0.12355793, 0.63814354
4, 555830255, 0.42668122, 0.62873596, -0.123654515, 0.638235
5, 555846922, 0.42684308, 0.62844384, -0.12349588, 0.63844514
6, 555863589, 0.42702794, 0.62803406, -0.12348285, 0.63872737
7, 555880256, 0.4271819, 0.6276085, -0.12354525, 0.6390304
8, 555896923, 0.4271727, 0.62723607, -0.12348523, 0.6394137
9, 555913590, 0.42719597, 0.626879, -0.123393774, 0.6397659
10, 555930257, 0.42719212, 0.6265774, -0.12318616, 0.6401039
11, 555946924, 0.42718723, 0.62627697, -0.122987725, 0.6404393
12, 555963591, 0.42728406, 0.6259684, -0.12280973, 0.64071035
13, 555980258, 0.42734805, 0.6257261, -0.12254708, 0.6409547
14, 555996925, 0.42738318, 0.6254966, -0.12228401, 0.64120543
15, 556013592, 0.42732844, 0.62530696, -0.12195417, 0.64148957
16, 556030259, 0.42739612, 0.62508965, -0.12174433, 0.641696
17, 556046926, 0.42738402, 0.6249193, -0.12136764, 0.6419414
18, 556063593, 0.4273892, 0.62474847, -0.12097208, 0.64217883
19, 556080260, 0.4274738, 0.6246013, -0.12064062, 0.64232796
20, 556096927, 0.42752028, 0.62447655, -0.12024445, 0.6424926
21, 556113594, 0.42747828, 0.624415, -0.11979229, 0.6426648
22, 556130261, 0.42734247, 0.6243888, -0.11927745, 0.6428763
23, 556146928, 0.42723733, 0.62438697, -0.11875786, 0.6430442
24, 556163595, 0.42704746, 0.6244282, -0.118164755, 0.64323956
25, 556180262, 0.4267671, 0.62450844, -0.11754209, 0.6434618
26, 556196929, 0.42656258, 0.6246005, -0.116925076, 0.64362025
27, 556213596, 0.42628706, 0.62470776, -0.11624912, 0.6438212
28, 556230263, 0.42617345, 0.62478244, -0.11575133, 0.6439138
29, 556246930, 0.42603394, 0.62488043, -0.1152063, 0.64400876
30, 556263597, 0.4258921, 0.62497824, -0.11464165, 0.64410836
31, 556280264, 0.42585492, 0.6249359, -0.11451568, 0.64419633
32, 556296931, 0.4257284, 0.62503886, -0.114130154, 0.6442484
33, 556313598, 0.42564628, 0.62508386, -0.11389695, 0.64430046
34, 556330265, 0.4256112, 0.6252193, -0.113509275, 0.64426064
35, 556346932, 0.42558458, 0.6253033, -0.11317755, 0.6442551
36, 556363599, 0.4255376, 0.6253441, -0.11309009, 0.64426166
37, 556380266, 0.42553237, 0.6253951, -0.11305992, 0.6442209
38, 556396933, 0.42547938, 0.62542003, -0.11310774, 0.64422345
39, 556413600, 0.42538545, 0.6254301, -0.11312818, 0.644272
40, 556430267, 0.42524827, 0.6254758, -0.11313752, 0.6443166
41, 556446934, 0.42517826, 0.6255546, -0.11317133, 0.6442804
42, 556463601, 0.42509276, 0.62569267, -0.11315336, 0.64420587
43, 556480268, 0.42502993, 0.62586373, -0.113117546, 0.6440876
44, 556496935, 0.424941, 0.62602293, -0.1130954, 0.6439952
45, 556513602, 0.4249138, 0.626139, -0.11316956, 0.6438874
46, 556530269, 0.42480892, 0.62621564, -0.11320894, 0.6438751
47, 556546936, 0.42471913, 0.6262784, -0.11328855, 0.64385945
48, 556563603, 0.4246706, 0.626356, -0.113340296, 0.6438068
49, 556580270, 0.42468718, 0.6263993, -0.11345912, 0.6437327
50, 556596937, 0.42453736, 0.6265743, -0.11328418, 0.6436922
51, 556613604, 0.42449206, 0.62668353, -0.11330281, 0.64361227
52, 556630271, 0.42441645, 0.6268117, -0.11339456, 0.6435212
53, 556646938, 0.42424682, 0.62700814, -0.11333598, 0.6434521
54, 556663605, 0.42412737, 0.62713546, -0.113491006, 0.6433793
55, 556680272, 0.424057, 0.62725955, -0.11370017, 0.6432678
56, 556696939, 0.4239526, 0.6274149, -0.1137438, 0.64317745
57, 556713606, 0.42385256, 0.6276082, -0.11378767, 0.643047
58, 556730273, 0.42384157, 0.6277731, -0.11387694, 0.6428775
59, 556746940, 0.42380053, 0.62795854, -0.11387094, 0.6427244
60, 556763607, 0.42382264, 0.628071, -0.114071354, 0.6425644
61, 556780274, 0.4238093, 0.62816983, -0.11428316, 0.642439
62, 556796941, 0.4237608, 0.6282792, -0.114343554, 0.6423533
63, 556813608, 0.42373398, 0.6283665, -0.11444533, 0.64226735
64, 556830275, 0.42378473, 0.62845856, -0.11456914, 0.6421217
65, 556846942, 0.42383966, 0.62856156, -0.11466785, 0.641967
66, 556863609, 0.42388248, 0.62865555, -0.11485445, 0.6418134
67, 556880276, 0.42391747, 0.628764, -0.11507207, 0.641645
68, 556896943, 0.42401463, 0.62888014, -0.11520329, 0.64144343
69, 556913610, 0.42425916, 0.6289417, -0.115445614, 0.6411777
70, 556930277, 0.4244499, 0.6290265, -0.1155361, 0.6409521
71, 556946944, 0.42471245, 0.629067, -0.1156739, 0.64071345
72, 556963611, 0.42491344, 0.6290824, -0.115791135, 0.64054394
73, 556980278, 0.4250609, 0.62911534, -0.11585881, 0.6404014
74, 556996945, 0.42522183, 0.62911576, -0.115964115, 0.64027506
75, 557013612, 0.42532417, 0.6291518, -0.11602654, 0.6401603
76, 557030279, 0.42535672, 0.6292528, -0.1159225, 0.6400583
77, 557046946, 0.42548686, 0.62929493, -0.11597923, 0.6399201
78, 557063613, 0.425595, 0.6293426, -0.11605611, 0.6397874
79, 557080280, 0.4256984, 0.6293901, -0.11612478, 0.6396594
80, 557096947, 0.4259472, 0.6293935, -0.11633159, 0.63945276
81, 557113614, 0.4260719, 0.62943727, -0.11640379, 0.63931346
82, 557130281, 0.4264238, 0.6293265, -0.11693224, 0.6390914
83, 557146948, 0.42675325, 0.6293045, -0.11722018, 0.6388403
84, 557163615, 0.42714828, 0.6292402, -0.11752058, 0.63858455
85, 557180282, 0.42767876, 0.6291057, -0.1179441, 0.63828367
86, 557196949, 0.4281629, 0.628972, -0.118238926, 0.63803613
87, 557213616, 0.42854744, 0.6287838, -0.11863284, 0.63789064
88, 557230283, 0.42910397, 0.6284778, -0.11932548, 0.6376889
89, 557246950, 0.42960215, 0.62821585, -0.11987339, 0.63750875
90, 557263617, 0.4300215, 0.62793744, -0.12032247, 0.6374157
91, 557280284, 0.43047374, 0.627617, -0.120917335, 0.6373134
92, 557296951, 0.43086064, 0.627328, -0.12137509, 0.6372496
93, 557313618, 0.43128052, 0.6270468, -0.12184429, 0.63715255
94, 557330285, 0.43162906, 0.62679535, -0.122350074, 0.637067
95, 557346952, 0.43194994, 0.62660336, -0.122734256, 0.6369646
96, 557363619, 0.43226188, 0.62638915, -0.123175606, 0.63687843
97, 557380286, 0.43246526, 0.62623084, -0.12347761, 0.6368375
98, 557396953, 0.43271598, 0.6260136, -0.12392409, 0.63679427
99, 557413620, 0.43288952, 0.62590426, -0.12416721, 0.63673633
100, 557430287, 0.433032, 0.62580884, -0.12431144, 0.636705
101, 557446954, 0.43307126, 0.6256828, -0.12444876, 0.63677543
102, 557463621, 0.43322393, 0.62549967, -0.12475675, 0.6367912
103, 557480288, 0.43336663, 0.6253493, -0.12491722, 0.63681036
104, 557496955, 0.43349904, 0.6251431, -0.12521112, 0.63686496
105, 557513622, 0.43354216, 0.6250006, -0.12531063, 0.636956
106, 557530289, 0.43364725, 0.6248358, -0.12544873, 0.63701886
107, 557546956, 0.43379906, 0.624639, -0.12576148, 0.637047
108, 557563623, 0.433918, 0.6244731, -0.12599099, 0.637083
109, 557580290, 0.43408513, 0.6242942, -0.12633157, 0.63707715
110, 557596957, 0.43427646, 0.62411153, -0.12672879, 0.63704705
111, 557613624, 0.43437892, 0.62398535, -0.12703225, 0.63704026
112, 557630291, 0.4344317, 0.62383956, -0.12731843, 0.6370898
113, 557646958, 0.43449092, 0.62368757, -0.12761413, 0.637139
114, 557663625, 0.43444657, 0.62357754, -0.12773633, 0.63725245
115, 557680292, 0.43436062, 0.62348294, -0.12783436, 0.63738394
116, 557696959, 0.43428746, 0.6234178, -0.12793478, 0.6374774
117, 557713626, 0.4342815, 0.6233611, -0.12804747, 0.63751435
118, 557730293, 0.43422842, 0.6233625, -0.12805797, 0.637547
119, 557746960, 0.43413013, 0.62337404, -0.12803727, 0.6376068
120, 557763627, 0.43406135, 0.62338483, -0.12803233, 0.6376441
121, 557780294, 0.43392268, 0.623414, -0.1279203, 0.6377323
122, 557796961, 0.43380985, 0.623463, -0.12784815, 0.63777566
123, 557813628, 0.4336883, 0.62357235, -0.1276542, 0.6377902
124, 557830295, 0.43352306, 0.62369245, -0.12748076, 0.63782
125, 557846962, 0.4333656, 0.623834, -0.12722878, 0.63783866
126, 557863629, 0.4332225, 0.6239382, -0.1270448, 0.6378708
127, 557880296, 0.43306974, 0.6240621, -0.12681626, 0.6378987
128, 557896963, 0.4329764, 0.62415457, -0.1266499, 0.6379047
129, 557913630, 0.43276954, 0.6242899, -0.12635395, 0.6379714
130, 557930297, 0.43268523, 0.62437594, -0.12614636, 0.6379854
131, 557946964, 0.4325775, 0.62448794, -0.12584816, 0.6380078
132, 557963631, 0.43254784, 0.62452096, -0.12573604, 0.6380176
133, 557980298, 0.43248165, 0.6246073, -0.12555578, 0.6380134
134, 557996965, 0.4325024, 0.6246594, -0.1253697, 0.63798493
135, 558013632, 0.43256617, 0.62470925, -0.12524773, 0.63791686
136, 558030299, 0.4326571, 0.62479603, -0.12496379, 0.6378259
137, 558046966, 0.43271974, 0.62485343, -0.12487613, 0.63774437
138, 558063633, 0.43279737, 0.62484205, -0.1249955, 0.63767946
139, 558080300, 0.43283892, 0.6248325, -0.1250531, 0.63764936
140, 558096967, 0.4327856, 0.6248827, -0.12500605, 0.6376454
141, 558113634, 0.43279144, 0.62489873, -0.12499058, 0.6376289
142, 558130301, 0.43286985, 0.62490034, -0.12510893, 0.63755095
143, 558146968, 0.43290123, 0.62494045, -0.12502734, 0.63750625
144, 558163635, 0.43302524, 0.62491846, -0.12509626, 0.6374301
145, 558180302, 0.43312207, 0.62486887, -0.12518586, 0.6373952
146, 558196969, 0.4332291, 0.6248261, -0.12530643, 0.63734084
147, 558213636, 0.43322805, 0.62484276, -0.1252951, 0.6373274
148, 558230303, 0.43321544, 0.62484044, -0.12523432, 0.6373502
149, 558246970, 0.4332243, 0.62481254, -0.12526385, 0.6373657
150, 558263637, 0.43323067, 0.6247968, -0.12521864, 0.6373857
151, 558280304, 0.43313065, 0.62478745, -0.124979675, 0.6375097
152, 558296971, 0.43315724, 0.62472063, -0.124930605, 0.63756675
153, 558313638, 0.43315482, 0.62463295, -0.12491615, 0.637657
154, 558330305, 0.43310556, 0.62458223, -0.1248028, 0.6377626
155, 558346972, 0.433054, 0.62452155, -0.12475977, 0.6378653
156, 558363639, 0.4329903, 0.62446916, -0.1247221, 0.6379673
157, 558380306, 0.4329049, 0.6244703, -0.12461328, 0.63804525
158, 558396973, 0.4328318, 0.62442523, -0.124555185, 0.6381503
159, 558413640, 0.43280345, 0.62437016, -0.12451173, 0.63823193
160, 558430307, 0.43274727, 0.6243063, -0.12442281, 0.63834995
161, 558446974, 0.4326857, 0.6242492, -0.12439264, 0.63845325
162, 558463641, 0.43260276, 0.62420726, -0.124302834, 0.638568
163, 558480308, 0.43252617, 0.62415105, -0.12428278, 0.6386788
164, 558496975, 0.4324001, 0.624139, -0.12415126, 0.6388014
165, 558513642, 0.43232673, 0.62407035, -0.12411564, 0.63892514
166, 558530309, 0.43217114, 0.6239882, -0.124057606, 0.6391217
167, 558546976, 0.43204033, 0.62388813, -0.12405121, 0.63930905
168, 558563643, 0.4318727, 0.6238206, -0.12396963, 0.6395042
169, 558580310, 0.43175244, 0.6237516, -0.12389511, 0.6396671
170, 558596977, 0.43159884, 0.62370896, -0.12375615, 0.63983905
171, 558613644, 0.43147266, 0.6236402, -0.12370601, 0.6400009
172, 558630311, 0.43134812, 0.623583, -0.123702034, 0.64014137
173, 558646978, 0.4312466, 0.62352955, -0.12363064, 0.64027566
174, 558663645, 0.43118227, 0.6234187, -0.12369651, 0.6404141
175, 558680312, 0.4311325, 0.62335175, -0.12373015, 0.6405064
176, 558696979, 0.43110943, 0.62329423, -0.12378992, 0.64056623
177, 558713646, 0.43100578, 0.62330693, -0.12379367, 0.640623
178, 558730313, 0.43083528, 0.62333, -0.12372403, 0.6407285
179, 558746980, 0.43068004, 0.62333834, -0.12375305, 0.64081913
180, 558763647, 0.43059298, 0.6233274, -0.123798735, 0.6408796
181, 558780314, 0.43048447, 0.623342, -0.12381735, 0.6409347
182, 558796981, 0.43037403, 0.6233913, -0.123699345, 0.6409837
183, 558813648, 0.4302815, 0.6234178, -0.12368022, 0.6410237
184, 558830315, 0.4302619, 0.62340933, -0.12370461, 0.6410403
185, 558846982, 0.43021128, 0.6234294, -0.12359937, 0.64107513
186, 558863649, 0.43024337, 0.6234085, -0.12358306, 0.64107716
187, 558880316, 0.43023628, 0.62344354, -0.12338861, 0.64108515
188, 558896983, 0.43021494, 0.6234228, -0.12338847, 0.6411197
189, 558913650, 0.4301857, 0.62339276, -0.123500295, 0.641147
190, 558930317, 0.4300989, 0.6233827, -0.12353493, 0.6412083
191, 558946984, 0.42994478, 0.6234085, -0.123519585, 0.64128953
192, 558963651, 0.42973807, 0.6234794, -0.123284064, 0.6414044
193, 558980318, 0.42968056, 0.6234696, -0.12331261, 0.64144707
194, 558996985, 0.42957756, 0.623503, -0.1231937, 0.64150643
195, 559013652, 0.4294952, 0.62354887, -0.12313701, 0.6415279
196, 559030319, 0.42946714, 0.6235964, -0.12314859, 0.64149827
197, 559046986, 0.42946327, 0.6236587, -0.123073526, 0.64145464
198, 559063653, 0.42939103, 0.6236931, -0.12300918, 0.6414819
199, 559080320, 0.42938513, 0.62369037, -0.12303607, 0.6414833
200, 559096987, 0.42935967, 0.6237043, -0.12303784, 0.6414865
201, 559113654, 0.42934868, 0.6237547, -0.123064205, 0.64143986
202, 559130321, 0.42927852, 0.6238691, -0.12291499, 0.6414041
203, 559146988, 0.42928696, 0.62396246, -0.12285635, 0.641319
204, 559163655, 0.42927092, 0.624023, -0.12275522, 0.64129
205, 559180322, 0.42924944, 0.6240577, -0.122676976, 0.6412857
206, 559196989, 0.42923492, 0.62404305, -0.12267434, 0.6413101
207, 559213656, 0.429223, 0.62403977, -0.122642286, 0.6413274
208, 559230323, 0.42922226, 0.6240537, -0.122540265, 0.6413338
209, 559246990, 0.42919564, 0.6240904, -0.12239406, 0.64134395
210, 559263657, 0.4292082, 0.6241178, -0.122313, 0.6413243
211, 559280324, 0.42928454, 0.62409675, -0.12233188, 0.64129
212, 559296991, 0.42932028, 0.62408346, -0.12233793, 0.64127785
213, 559313658, 0.42931876, 0.624092, -0.12230199, 0.6412775
214, 559330325, 0.42934963, 0.6240367, -0.12246306, 0.64127994
215, 559346992, 0.42934468, 0.6240481, -0.1224612, 0.6412725
216, 559363659, 0.42928424, 0.62406427, -0.122402675, 0.6413084
217, 559380326, 0.42923534, 0.62403595, -0.12241417, 0.64136654
218, 559396993, 0.4292436, 0.6239766, -0.12254159, 0.64139444
219, 559413660, 0.42919606, 0.6239498, -0.12259092, 0.6414428
220, 559430327, 0.4291894, 0.6238986, -0.12268264, 0.6414795
221, 559446994, 0.42915416, 0.6238851, -0.12270864, 0.6415113
222, 559463661, 0.4291533, 0.62385684, -0.12276942, 0.64152765
223, 559480328, 0.4291364, 0.62383646, -0.12278533, 0.6415557
224, 559496995, 0.4291007, 0.62381494, -0.1228416, 0.6415898
225, 559513662, 0.42902544, 0.6238086, -0.1228528, 0.64164424
226, 559530329, 0.4289173, 0.62382054, -0.12282505, 0.64171016
227, 559546996, 0.42875907, 0.6238446, -0.12276609, 0.6418038
228, 559563663, 0.4286492, 0.62386394, -0.12270188, 0.6418707
229, 559580330, 0.42855132, 0.623861, -0.12269112, 0.6419409
230, 559596997, 0.42848825, 0.6238505, -0.12269015, 0.64199346
231, 559613664, 0.42844877, 0.62386805, -0.12260915, 0.6420182
232, 559630331, 0.42841652, 0.6238905, -0.12250139, 0.6420384
233, 559646998, 0.42839375, 0.623873, -0.12252474, 0.64206624
234, 559663665, 0.42839357, 0.62384665, -0.122559234, 0.6420854
235, 559680332, 0.42830813, 0.62388885, -0.12232978, 0.6421451
236, 559696999, 0.42836702, 0.62384546, -0.12234779, 0.64214456
237, 559713666, 0.42839676, 0.6238967, -0.122087486, 0.6421245
238, 559730333, 0.4283481, 0.62393963, -0.121895395, 0.64215165
239, 559747000, 0.42841938, 0.6238565, -0.122087575, 0.6421485
240, 559763667, 0.42833075, 0.623903, -0.121885896, 0.6422007
241, 559780334, 0.42819545, 0.62393737, -0.1217039, 0.6422921
242, 559797001, 0.42817172, 0.6238976, -0.121752776, 0.6423372
243, 559813668, 0.4280905, 0.62395585, -0.12154704, 0.6423737
244, 559830335, 0.42805797, 0.6240001, -0.12136376, 0.6423871
245, 559847002, 0.42801583, 0.62403315, -0.1212702, 0.6424008
246, 559863669, 0.42798156, 0.62407863, -0.12119687, 0.6423932
247, 559880336, 0.42800048, 0.62413275, -0.1211703, 0.642333
248, 559897003, 0.42792323, 0.6242654, -0.12100919, 0.6422858
249, 559913670, 0.4279444, 0.6242931, -0.12106391, 0.6422347
250, 559930337, 0.42788032, 0.62437624, -0.120960124, 0.6422161
251, 559947004, 0.42783296, 0.6244698, -0.12077984, 0.64219064
252, 559963671, 0.42779854, 0.62452894, -0.12063151, 0.642184
253, 559980338, 0.42778417, 0.62456006, -0.12045561, 0.6421962
254, 559997005, 0.42778432, 0.6245933, -0.120345645, 0.6421843
255, 560013672, 0.42764732, 0.6246867, -0.12006496, 0.6422374
256, 560030339, 0.42759603, 0.6247048, -0.11996689, 0.6422723
257, 560047006, 0.4275038, 0.62475485, -0.11974964, 0.6423255
258, 560063673, 0.4274567, 0.6248063, -0.11960329, 0.642334
259, 560080340, 0.42744938, 0.6248562, -0.11946315, 0.64231646
260, 560097007, 0.42744422, 0.62493086, -0.11926437, 0.6422842
261, 560113674, 0.4274321, 0.62501055, -0.1190659, 0.6422515
262, 560130341, 0.42741883, 0.62507385, -0.11897939, 0.64221483
263, 560147008, 0.42743826, 0.62510765, -0.11890789, 0.6421822
264, 560163675, 0.4274666, 0.6251274, -0.11883306, 0.6421579
265, 560180342, 0.4274866, 0.6251654, -0.118738145, 0.6421251
266, 560197009, 0.42751834, 0.62519014, -0.118660994, 0.64209414
267, 560213676, 0.42758784, 0.6251862, -0.11865492, 0.6420529
268, 560230343, 0.42761508, 0.6252087, -0.11859648, 0.64202356
269, 560247010, 0.42765808, 0.6252183, -0.11860691, 0.64198375
270, 560263677, 0.4276669, 0.6252602, -0.118554935, 0.6419467
271, 560280344, 0.4277703, 0.6252514, -0.118637696, 0.6418711
272, 560297011, 0.4278393, 0.62528306, -0.11862877, 0.64179593
273, 560313678, 0.42794016, 0.62528926, -0.11867238, 0.64171445
274, 560330345, 0.42797664, 0.6253362, -0.11860696, 0.64165646
275, 560347012, 0.4280192, 0.62538135, -0.118523486, 0.64159966
276, 560363679, 0.42807934, 0.62539595, -0.118577234, 0.6415354
277, 560380346, 0.4280847, 0.6254556, -0.118568264, 0.6414752
278, 560397013, 0.4280733, 0.62556726, -0.11848045, 0.6413902
279, 560413680, 0.42806828, 0.62566173, -0.11846577, 0.641304
280, 560430347, 0.42807359, 0.6257295, -0.11842328, 0.6412423
281, 560447014, 0.4280553, 0.62579733, -0.11829827, 0.6412113
282, 560463681, 0.42800865, 0.6258474, -0.118116625, 0.64122707
283, 560480348, 0.42797312, 0.62583226, -0.11813761, 0.64126176
284, 560497015, 0.4279332, 0.6258539, -0.11810404, 0.64127344
285, 560513682, 0.4279178, 0.6258758, -0.117988296, 0.64128375
286, 560530349, 0.42794454, 0.6258813, -0.11794103, 0.641269
287, 560547016, 0.42801547, 0.6259107, -0.117714696, 0.64123464
288, 560563683, 0.4279175, 0.6259738, -0.11746132, 0.6412849
289, 560580350, 0.42797077, 0.62587655, -0.11768042, 0.6413042
290, 560597017, 0.42784214, 0.62591124, -0.11758019, 0.64137447
291, 560613684, 0.4276859, 0.6259358, -0.117545985, 0.6414611
292, 560630351, 0.42761832, 0.6259189, -0.117595345, 0.6415134
293, 560647018, 0.42758626, 0.6259502, -0.11756878, 0.6415091
294, 560663685, 0.42757845, 0.62598413, -0.11749848, 0.6414942
295, 560680352, 0.42760473, 0.62598556, -0.117573276, 0.64146155
296, 560697019, 0.42761558, 0.6260236, -0.11767134, 0.64139926
297, 560713686, 0.4276487, 0.62607765, -0.11774018, 0.6413117
298, 560730353, 0.427635, 0.62617034, -0.11777456, 0.64122397
299, 560747020, 0.42768762, 0.62619597, -0.11789698, 0.64114136
300, 560763687, 0.42778528, 0.6261591, -0.11805623, 0.64108306
301, 560780354, 0.42783782, 0.62615436, -0.118093856, 0.6410455
302, 560797021, 0.42786774, 0.62613404, -0.118173376, 0.6410308
303, 560813688, 0.42781013, 0.6261571, -0.11816095, 0.641049
304, 560830355, 0.4278126, 0.62619394, -0.11815256, 0.6410129
305, 560847022, 0.42771897, 0.6262276, -0.1180864, 0.64105463
306, 560863689, 0.42771128, 0.6261919, -0.11819539, 0.64107454
307, 560880356, 0.4277614, 0.62614065, -0.118333526, 0.6410657
308, 560897023, 0.4277748, 0.62613153, -0.11839442, 0.6410545
309, 560913690, 0.42779073, 0.62612396, -0.1183746, 0.64105487
310, 560930357, 0.42783225, 0.6261005, -0.11843356, 0.6410393
311, 560947024, 0.42781273, 0.6261072, -0.11839713, 0.64105254
312, 560963691, 0.42782366, 0.6260702, -0.11844416, 0.6410725
313, 560980358, 0.42780373, 0.62601113, -0.11852555, 0.6411286
314, 560997025, 0.4277389, 0.62598586, -0.11848851, 0.6412034
315, 561013692, 0.4277184, 0.625904, -0.11858197, 0.64127964
316, 561030359, 0.42769793, 0.62583065, -0.118620574, 0.6413578
317, 561047026, 0.42764643, 0.62579346, -0.11859079, 0.6414339
318, 561063693, 0.42762116, 0.62574095, -0.118597984, 0.64150065
319, 561080360, 0.42759353, 0.6256869, -0.11869027, 0.6415548
320, 561097027, 0.42753518, 0.6256671, -0.11865871, 0.64161867
321, 561113694, 0.42748383, 0.6256459, -0.118592404, 0.64168596
322, 561130361, 0.42744315, 0.62559134, -0.118499205, 0.64178324
323, 561147028, 0.42743033, 0.6254889, -0.11847589, 0.6418961
324, 561163695, 0.42742413, 0.625366, -0.11845111, 0.6420245
325, 561180362, 0.42734605, 0.6252542, -0.1183682, 0.6422006
326, 561197029, 0.42729563, 0.6251157, -0.11837634, 0.64236754
327, 561213696, 0.42717728, 0.6249927, -0.11835292, 0.6425702
328, 561230363, 0.42709047, 0.62487495, -0.11837704, 0.64273787
329, 561247030, 0.4269892, 0.62478864, -0.11827199, 0.6429084
330, 561263697, 0.42691517, 0.62464976, -0.1182036, 0.6431051
331, 561280364, 0.4268732, 0.6244649, -0.118276745, 0.643299
332, 561297031, 0.4267945, 0.62433493, -0.118281834, 0.6434765
333, 561313698, 0.42672673, 0.6242077, -0.118301764, 0.64364123
334, 561330365, 0.4266473, 0.6240745, -0.11840755, 0.6438035
335, 561347032, 0.42656904, 0.62396306, -0.11840864, 0.64396316
336, 561363699, 0.4265469, 0.6238321, -0.11851621, 0.64408493
337, 561380366, 0.42651778, 0.6237831, -0.11837744, 0.6441771
338, 561397033, 0.42635787, 0.6237534, -0.118266925, 0.64433193
339, 561413700, 0.42627573, 0.6236355, -0.11856681, 0.6444453
340, 561430367, 0.42613342, 0.6235854, -0.11870486, 0.6445625
341, 561447034, 0.42587516, 0.6236334, -0.11873368, 0.64468145
342, 561463701, 0.42572623, 0.62363136, -0.11873611, 0.64478123
343, 561480368, 0.42566803, 0.6236139, -0.11888357, 0.6448093
344, 561497035, 0.4255837, 0.6237124, -0.118709296, 0.6448019
345, 561513702, 0.4256034, 0.62376714, -0.118811056, 0.64471734
346, 561530369, 0.4256408, 0.6238243, -0.11894529, 0.64461255
347, 561547036, 0.4256517, 0.6239352, -0.118985236, 0.6444906
348, 561563703, 0.42567992, 0.62403977, -0.11901179, 0.64436585
349, 561580370, 0.4257807, 0.624063, -0.119163305, 0.64424866
350, 561597037, 0.42585582, 0.62412894, -0.11913895, 0.64413965
351, 561613704, 0.4259138, 0.62422574, -0.11894713, 0.6440429
352, 561630371, 0.42597064, 0.62426865, -0.1188764, 0.64397675
353, 561647038, 0.42601612, 0.624306, -0.11884408, 0.64391637
354, 561663705, 0.42605588, 0.6243495, -0.1187763, 0.6438605
355, 561680372, 0.42607135, 0.6244023, -0.118698485, 0.6438135
356, 561697039, 0.4260791, 0.6244558, -0.11860195, 0.6437742
357, 561713706, 0.4261469, 0.6245007, -0.11848605, 0.64370716
358, 561730373, 0.42626354, 0.62456644, -0.11835275, 0.6435907
359, 561747040, 0.42640132, 0.62465376, -0.118245214, 0.6434344
360, 561763707, 0.42654264, 0.62474823, -0.11810204, 0.6432752
361, 561780374, 0.42671213, 0.62482345, -0.11804468, 0.64310026
362, 561797041, 0.42684484, 0.6249065, -0.1179662, 0.64294595
363, 561813708, 0.4269545, 0.62501025, -0.11787477, 0.64278895
364, 561830375, 0.427036, 0.6251118, -0.11777755, 0.6426539
365, 561847042, 0.42712128, 0.6252056, -0.1176912, 0.64252186
366, 561863709, 0.42719355, 0.62529796, -0.11766106, 0.6423894
367, 561880376, 0.4272431, 0.6254268, -0.1175633, 0.6422489
368, 561897043, 0.42726055, 0.6256018, -0.117390804, 0.6420984
369, 561913710, 0.4273088, 0.6257409, -0.117281735, 0.64195055
370, 561930377, 0.42736453, 0.62585133, -0.11721121, 0.64181864
371, 561947044, 0.42742082, 0.6259543, -0.11712061, 0.64169735
372, 561963711, 0.42748627, 0.6260312, -0.11705491, 0.64159065
373, 561980378, 0.42743763, 0.6261819, -0.11677247, 0.64152753
374, 561997045, 0.42743757, 0.62626266, -0.11663825, 0.6414731
375, 562013712, 0.42745402, 0.6263337, -0.11649095, 0.64141965
376, 562030379, 0.42740643, 0.6264247, -0.11626927, 0.64140284
377, 562047046, 0.42737326, 0.6264638, -0.11613774, 0.64141035
378, 562063713, 0.42728853, 0.62653345, -0.11591068, 0.6414399
379, 562080380, 0.42727596, 0.62656415, -0.115748726, 0.64144754
380, 562097047, 0.4272831, 0.62657416, -0.11561054, 0.641458
381, 562113714, 0.42723787, 0.62661016, -0.115392394, 0.6414921
382, 562130381, 0.42713684, 0.6266219, -0.115164034, 0.6415891
383, 562147048, 0.4271526, 0.62653863, -0.11534033, 0.6416281
384, 562163715, 0.4270883, 0.62659305, -0.11505647, 0.641669
385, 562180382, 0.42714277, 0.6265459, -0.11501088, 0.6416866
386, 562197049, 0.42722422, 0.62652093, -0.11488091, 0.6416802
387, 562213716, 0.42721424, 0.6265274, -0.114628226, 0.64172566
388, 562230383, 0.4272322, 0.62644494, -0.11464475, 0.6417913
389, 562247050, 0.42726347, 0.6263019, -0.11483907, 0.6418755
390, 562263717, 0.42714727, 0.6262805, -0.114787646, 0.6419826
391, 562280384, 0.4270299, 0.62627023, -0.114756174, 0.64207655
392, 562297051, 0.42699435, 0.6262655, -0.11471122, 0.6421128
393, 562313718, 0.42698535, 0.62628543, -0.114614695, 0.6421164
394, 562330385, 0.4269961, 0.6262498, -0.114598356, 0.642147
395, 562347052, 0.4270314, 0.6262121, -0.11460682, 0.64215875
396, 562363719, 0.4270909, 0.62615734, -0.114657514, 0.6421635
397, 562380386, 0.4270453, 0.6261696, -0.114553735, 0.64220047
398, 562397053, 0.42702752, 0.62616056, -0.114537, 0.64222413
399, 562413720, 0.42702553, 0.6261166, -0.11456723, 0.6422629
400, 562430387, 0.42699793, 0.6261117, -0.11443815, 0.642309
401, 562447054, 0.42697483, 0.62608296, -0.1143735, 0.6423639
402, 562463721, 0.42694244, 0.62605095, -0.114387006, 0.6424142
403, 562480388, 0.42699194, 0.6260141, -0.1143938, 0.64241594
404, 562497055, 0.42691535, 0.6260387, -0.1142144, 0.64247495
405, 562513722, 0.4268882, 0.6259626, -0.11431447, 0.6425492
406, 562530389, 0.42686823, 0.62589765, -0.11437556, 0.642615
407, 562547056, 0.42684582, 0.6258719, -0.11437646, 0.64265466
408, 562563723, 0.42682812, 0.6258579, -0.11445094, 0.6426668
409, 562580390, 0.42677692, 0.62588507, -0.114366956, 0.6426893
410, 562597057, 0.4267918, 0.6258455, -0.11444562, 0.64270395
411, 562613724, 0.42679277, 0.6257947, -0.11452792, 0.64273804
412, 562630391, 0.42676923, 0.6257462, -0.11460365, 0.64278746
413, 562647058, 0.4267604, 0.6257017, -0.11469927, 0.6428195
414, 562663725, 0.42673734, 0.6256589, -0.1148076, 0.6428573
415, 562680392, 0.42671677, 0.62563276, -0.11496202, 0.6428688
416, 562697059, 0.4267174, 0.62561506, -0.11507573, 0.6428652
417, 562713726, 0.4267648, 0.6255555, -0.11530642, 0.64285046
418, 562730393, 0.42678797, 0.6255338, -0.11543407, 0.6428333
419, 562747060, 0.42681414, 0.6254755, -0.11555685, 0.64285034
420, 562763727, 0.42694223, 0.6253757, -0.11584097, 0.6428114
421, 562780394, 0.4270067, 0.62533486, -0.11598644, 0.6427821
422, 562797061, 0.42708838, 0.6252672, -0.116134554, 0.64276683
423, 562813728, 0.42718688, 0.6251695, -0.116393134, 0.64274967
424, 562830395, 0.42726302, 0.6250849, -0.11654419, 0.642754
425, 562847062, 0.42732176, 0.6249745, -0.11674852, 0.64278543
426, 562863729, 0.42740223, 0.6248496, -0.11697055, 0.6428129
427, 562880396, 0.42737335, 0.62477684, -0.11706659, 0.64288527
428, 562897063, 0.42728043, 0.6247379, -0.11704306, 0.64298916
429, 562913730, 0.42716786, 0.62465495, -0.11709426, 0.6431352
430, 562930397, 0.42707062, 0.6245022, -0.11721069, 0.64332694
431, 562947064, 0.42695352, 0.624399, -0.11719389, 0.6435078
432, 562963731, 0.42672583, 0.6243763, -0.116964474, 0.6437225
433, 562980398, 0.4266639, 0.6242343, -0.11706314, 0.64388335
434, 562997065, 0.42660072, 0.62418497, -0.11691095, 0.6440007
435, 563013732, 0.42657647, 0.6241081, -0.11678629, 0.6441139
436, 563030399, 0.42659172, 0.62403417, -0.11666695, 0.6441969
437, 563047066, 0.4266591, 0.62395674, -0.11640766, 0.6442744
438, 563063733, 0.42661652, 0.62389255, -0.11627477, 0.6443887
439, 563080400, 0.42661557, 0.6237838, -0.11621254, 0.6445058
440, 563097067, 0.42652747, 0.6236961, -0.11614918, 0.64466023
441, 563113734, 0.42637512, 0.62367463, -0.115983866, 0.6448117
442, 563130401, 0.4262689, 0.62367743, -0.11579342, 0.6449132
443, 563147068, 0.4261915, 0.62370884, -0.11562941, 0.64496356
444, 563163735, 0.42613277, 0.62379164, -0.11541534, 0.6449607
445, 563180402, 0.4260978, 0.6238571, -0.11536744, 0.6449291
446, 563197069, 0.42613086, 0.62390816, -0.115416035, 0.6448491
447, 563213736, 0.426071, 0.624037, -0.11529512, 0.6447856
448, 563230403, 0.4260052, 0.6241567, -0.11518685, 0.64473253
449, 563247070, 0.42605212, 0.6241998, -0.115285985, 0.64464206
450, 563263737, 0.4260548, 0.6243406, -0.11512842, 0.64453214
451, 563280404, 0.42607555, 0.62448347, -0.11496726, 0.64440876
452, 563297071, 0.42613935, 0.62457234, -0.11499158, 0.6442761
453, 563313738, 0.42618263, 0.6246646, -0.114867724, 0.64418024
454, 563330405, 0.42619962, 0.624738, -0.11477426, 0.6441144
455, 563347072, 0.4261792, 0.62478113, -0.11471576, 0.6440964
456, 563363739, 0.4261231, 0.6248772, -0.11451083, 0.6440769
457, 563380406, 0.4260961, 0.6249646, -0.114281096, 0.6440507
458, 563397073, 0.42614707, 0.6250093, -0.1142263, 0.6439832
459, 563413740, 0.42616823, 0.6251189, -0.114051305, 0.64389396
460, 563430407, 0.42620558, 0.6252531, -0.11387114, 0.6437707
461, 563447074, 0.4263098, 0.62533706, -0.11385091, 0.6436239
462, 563463741, 0.42635277, 0.6254663, -0.113755204, 0.6434866
463, 563480408, 0.4264238, 0.6255469, -0.11371322, 0.6433687
464, 563497075, 0.42654347, 0.6255886, -0.11369956, 0.64325124
465, 563513742, 0.4265948, 0.62564814, -0.113634855, 0.64317065
466, 563530409, 0.42662328, 0.625722, -0.11351177, 0.64310163
467, 563547076, 0.42668757, 0.6257489, -0.113503486, 0.6430343
468, 563563743, 0.4267395, 0.62576705, -0.1134831, 0.6429858
469, 563580410, 0.42671037, 0.62583655, -0.1132673, 0.6429755
470, 563597077, 0.42677268, 0.6258099, -0.11336537, 0.6429428
471, 563613744, 0.4267703, 0.6258165, -0.113358304, 0.6429391
472, 563630411, 0.4266994, 0.62589633, -0.113152064, 0.6429448
473, 563647078, 0.42673063, 0.62587386, -0.11319298, 0.6429389
474, 563663745, 0.42678136, 0.6258724, -0.11320679, 0.64290416
475, 563680412, 0.42676473, 0.62594855, -0.11309768, 0.6428603
476, 563697079, 0.4267985, 0.6259512, -0.113147885, 0.64282644
477, 563713746, 0.4268053, 0.6259728, -0.113169275, 0.6427971
478, 563730413, 0.42675743, 0.62600803, -0.113125026, 0.64280236
479, 563747080, 0.42673776, 0.6260057, -0.11319325, 0.64280564
480, 563763747, 0.4266424, 0.62606454, -0.11309235, 0.6428295
481, 563780414, 0.42659315, 0.62608165, -0.113075316, 0.6428485
482, 563797081, 0.4266083, 0.6260426, -0.11318115, 0.64285773
483, 563813748, 0.4264729, 0.62609446, -0.11296179, 0.6429357
484, 563830415, 0.4264119, 0.62604904, -0.11303742, 0.64300704
485, 563847082, 0.42640358, 0.6260072, -0.11312498, 0.6430378
486, 563863749, 0.42633584, 0.6260208, -0.11301814, 0.64308846
487, 563880416, 0.42636144, 0.62599844, -0.11307006, 0.6430841
488, 563897083, 0.4263554, 0.6260553, -0.112906784, 0.64306146
489, 563913750, 0.42622295, 0.62610763, -0.11282303, 0.643113
490, 563930417, 0.42623875, 0.6260646, -0.1129841, 0.6431161
491, 563947084, 0.42616972, 0.62604135, -0.11309296, 0.6431653
492, 563963751, 0.4260269, 0.62608725, -0.11310871, 0.6432125
493, 563980418, 0.42591587, 0.6261392, -0.11306126, 0.64324385
494, 563997085, 0.42592305, 0.6261337, -0.1131441, 0.6432299
495, 564013752, 0.42591286, 0.6261749, -0.11303976, 0.6432149
496, 564030419, 0.425903, 0.6261899, -0.11299463, 0.6432148
497, 564047086, 0.42599097, 0.6261333, -0.11323236, 0.64316964
498, 564063753, 0.42595965, 0.6262142, -0.11317387, 0.64312196
499, 564080420, 0.4258872, 0.62631226, -0.113069385, 0.6430929
500, 564097087, 0.42597517, 0.62628496, -0.11329995, 0.64302063
501, 564113754, 0.42601445, 0.6263251, -0.113241784, 0.6429659
502, 564130421, 0.42604882, 0.62638116, -0.11308037, 0.6429168
503, 564147088, 0.4261185, 0.62641495, -0.11306932, 0.6428396
504, 564163755, 0.42619416, 0.62641674, -0.11309557, 0.64278305
505, 564180422, 0.4261754, 0.62647814, -0.11297807, 0.6427563
506, 564197089, 0.42615145, 0.62651575, -0.11294645, 0.64274114
507, 564213756, 0.42617765, 0.62652063, -0.11298209, 0.64271265
508, 564230423, 0.42621383, 0.62658083, -0.11293022, 0.6426391
509, 564247090, 0.42627853, 0.6266382, -0.11293935, 0.6425387
510, 564263757, 0.42633778, 0.62671024, -0.11296127, 0.6424253
511, 564280424, 0.42638302, 0.6267989, -0.112930305, 0.6423141
512, 564297091, 0.42639, 0.62689286, -0.112857684, 0.6422305
513, 564313758, 0.4263396, 0.6269744, -0.112780005, 0.6421982
514, 564330425, 0.42632547, 0.62701845, -0.11282196, 0.6421571
515, 564347092, 0.42627367, 0.6271251, -0.11272033, 0.6421051
516, 564363759, 0.42620987, 0.6272599, -0.1125951, 0.64203775
517, 564380426, 0.4261763, 0.6273444, -0.11260664, 0.64197546
518, 564397093, 0.42610565, 0.6274483, -0.11252001, 0.6419362
519, 564413760, 0.42604136, 0.6275395, -0.11245396, 0.6419011
520, 564430427, 0.42603064, 0.62759054, -0.1124365, 0.64186144
521, 564447094, 0.42596927, 0.62764806, -0.11235391, 0.64186037
522, 564463761, 0.42591286, 0.62769455, -0.11222785, 0.6418744
523, 564480428, 0.42589366, 0.6277044, -0.11215117, 0.641891
524, 564497095, 0.4258285, 0.62771904, -0.11207612, 0.641933
525, 564513762, 0.42572385, 0.6277702, -0.11194601, 0.6419752
526, 564530429, 0.4256451, 0.6278026, -0.11187213, 0.6420085
527, 564547096, 0.42560557, 0.62781006, -0.11186763, 0.64202815
528, 564563763, 0.4255408, 0.6278282, -0.111761354, 0.64207196
529, 564580430, 0.4255064, 0.62781596, -0.111709066, 0.6421158
530, 564597097, 0.4254661, 0.6278108, -0.11167951, 0.64215255
531, 564613764, 0.42540643, 0.62781954, -0.11160326, 0.64219695
532, 564630431, 0.425411, 0.6277652, -0.111638896, 0.6422407
533, 564647098, 0.42541057, 0.62770987, -0.11169737, 0.6422849
534, 564663765, 0.425322, 0.627732, -0.1115854, 0.64234143
535, 564680432, 0.42528507, 0.6277168, -0.111612745, 0.64237595
536, 564697099, 0.42533353, 0.6276589, -0.111724675, 0.6423811
537, 564713766, 0.4253429, 0.62766457, -0.11164999, 0.6423824
538, 564730433, 0.42544797, 0.62757653, -0.11183742, 0.6423662
539, 564747100, 0.4255124, 0.627588, -0.11168469, 0.6423389
540, 564763767, 0.42548865, 0.62759286, -0.11156861, 0.6423699
541, 564780434, 0.42550942, 0.62751544, -0.111757986, 0.64239895
542, 564797101, 0.4254846, 0.6274567, -0.11184272, 0.642458
543, 564813768, 0.4253913, 0.62739354, -0.1119732, 0.6425587
544, 564830435, 0.42537326, 0.62734455, -0.11205206, 0.6426048
545, 564847102, 0.4253684, 0.6273395, -0.11202887, 0.642617
546, 564863769, 0.42538288, 0.62733674, -0.111994594, 0.64261603
547, 564880436, 0.42540807, 0.6273046, -0.11205899, 0.6426195
548, 564897103, 0.42544785, 0.6272767, -0.11215944, 0.6426029
549, 564913770, 0.42551312, 0.6272607, -0.1122124, 0.64256597
550, 564930437, 0.42554304, 0.62726253, -0.112164415, 0.64255273
551, 564947104, 0.42557123, 0.62722224, -0.11218217, 0.6425703
552, 564963771, 0.42564163, 0.62712204, -0.112303436, 0.6426004
553, 564980438, 0.42566454, 0.6270952, -0.1122101, 0.6426277
554, 564997105, 0.42566967, 0.6270562, -0.11210491, 0.64268064
555, 565013772, 0.42565727, 0.6270203, -0.11200793, 0.6427409
556, 565030439, 0.42574278, 0.6269262, -0.1119982, 0.6427778
557, 565047106, 0.42575192, 0.6268896, -0.11190639, 0.6428232
558, 565063773, 0.425766, 0.626841, -0.1119389, 0.64285564
559, 565080440, 0.4257772, 0.62680364, -0.11191909, 0.6428882
560, 565097107, 0.42581075, 0.6267645, -0.11188218, 0.6429106
561, 565113774, 0.42588246, 0.6267056, -0.1118887, 0.64291936
562, 565130441, 0.4259634, 0.62662655, -0.11192569, 0.6429362
563, 565147108, 0.4260271, 0.62656045, -0.11191545, 0.6429602
564, 565163775, 0.42611966, 0.6264967, -0.111950815, 0.6429551
565, 565180442, 0.426196, 0.62643075, -0.11197349, 0.6429646
566, 565197109, 0.42626086, 0.6263543, -0.11192489, 0.64300466
567, 565213776, 0.42633873, 0.62623954, -0.111955024, 0.64305955
568, 565230443, 0.4263256, 0.6261501, -0.11186528, 0.64317095
569, 565247110, 0.42636478, 0.62604654, -0.111909375, 0.6432381
570, 565263777, 0.4264106, 0.6259809, -0.11189557, 0.6432741
571, 565280444, 0.42642722, 0.6259438, -0.1117974, 0.6433162
572, 565297111, 0.4264864, 0.6258675, -0.11185655, 0.6433409
573, 565313778, 0.4264964, 0.62583405, -0.11179929, 0.64337677
574, 565330445, 0.42658424, 0.62575257, -0.111889705, 0.64338195
575, 565347112, 0.42667422, 0.6256871, -0.11198086, 0.64337015
576, 565363779, 0.4266972, 0.62565327, -0.111985885, 0.64338696
577, 565380446, 0.42672372, 0.62562734, -0.11199485, 0.64339304
578, 565397113, 0.4267934, 0.6255867, -0.112044446, 0.6433776
579, 565413780, 0.4268099, 0.62555945, -0.11204587, 0.6433929
580, 565430447, 0.42682552, 0.62552524, -0.11211189, 0.6434044
581, 565447114, 0.42678413, 0.62551546, -0.11207914, 0.64344716
582, 565463781, 0.42678198, 0.6254674, -0.11213302, 0.6434858
583, 565480448, 0.4267736, 0.62542003, -0.11217986, 0.6435292
584, 565497115, 0.42676464, 0.6253727, -0.112201765, 0.64357734
585, 565513782, 0.4267596, 0.6253238, -0.11224763, 0.64362025
586, 565530449, 0.42680222, 0.6252553, -0.11234639, 0.64364123
587, 565547116, 0.4267608, 0.62525016, -0.1122972, 0.64368236
588, 565563783, 0.42683825, 0.6251346, -0.11258055, 0.64369375
589, 565580450, 0.42680153, 0.62514514, -0.11245998, 0.6437289
590, 565597117, 0.42683676, 0.6250619, -0.11259726, 0.6437622
591, 565613784, 0.4269402, 0.625014, -0.112605266, 0.64373875
592, 565630451, 0.42691475, 0.6250014, -0.11245899, 0.64379346
593, 565647118, 0.42690286, 0.62490904, -0.11256287, 0.6438728
594, 565663785, 0.42688248, 0.62480557, -0.11270385, 0.64396226
595, 565680452, 0.4267506, 0.62473464, -0.11286085, 0.6440909
596, 565697119, 0.42663634, 0.6247051, -0.1129212, 0.64418465
597, 565713786, 0.42657927, 0.62470776, -0.11291182, 0.6442213
598, 565730453, 0.4265672, 0.6247066, -0.112977006, 0.6442191
599, 565747120, 0.42654985, 0.624727, -0.11298328, 0.6442098
600, 565763787, 0.4265602, 0.62470365, -0.11317283, 0.6441924
601, 565780454, 0.42656493, 0.6246924, -0.11326323, 0.6441841
602, 565797121, 0.42648807, 0.6247327, -0.11321943, 0.6442038
603, 565813788, 0.426467, 0.6247204, -0.11326407, 0.6442217
604, 565830455, 0.4264677, 0.62467396, -0.11338474, 0.6442451
605, 565847122, 0.42641017, 0.6247171, -0.11322645, 0.6442691
606, 565863789, 0.426374, 0.62467355, -0.11319747, 0.6443404
607, 565880456, 0.4263186, 0.6246068, -0.11317804, 0.64444524
608, 565897123, 0.4263585, 0.62450755, -0.11320536, 0.64451015
609, 565913790, 0.42630887, 0.6244733, -0.11304965, 0.64460355
610, 565930457, 0.42628068, 0.62438786, -0.1130508, 0.6447047
611, 565947124, 0.42627046, 0.6243094, -0.113109775, 0.64477706
612, 565963791, 0.4262829, 0.62424606, -0.11310676, 0.64483076
613, 565980458, 0.42634434, 0.624209, -0.113140784, 0.64482003
614, 565997125, 0.42642787, 0.6241779, -0.11316313, 0.644791
615, 566013792, 0.42652452, 0.6241537, -0.11319835, 0.6447443
616, 566030459, 0.4265748, 0.6241534, -0.11311406, 0.6447261
617, 566047126, 0.42660117, 0.6241246, -0.11304688, 0.6447484
618, 566063793, 0.42665914, 0.62406343, -0.112992525, 0.6447786
619, 566080460, 0.4266862, 0.6240037, -0.112875566, 0.6448391
620, 566097127, 0.42668754, 0.62396264, -0.11274444, 0.64490074
621, 566113794, 0.42670417, 0.6239257, -0.11261353, 0.6449485
622, 566130461, 0.42670837, 0.6239161, -0.11248461, 0.6449774
623, 566147128, 0.42677337, 0.62387884, -0.11249786, 0.6449681
624, 566163795, 0.42681113, 0.6238833, -0.11244997, 0.64494723
625, 566180462, 0.426909, 0.6238988, -0.11247437, 0.64486325
626, 566197129, 0.42694032, 0.62397, -0.11244777, 0.64477825
627, 566213796, 0.42699236, 0.6240431, -0.11239313, 0.6446825
628, 566230463, 0.42703253, 0.62409085, -0.11237653, 0.64461255
629, 566247130, 0.42702606, 0.62413377, -0.11231772, 0.6445855
630, 566263797, 0.4269957, 0.62415665, -0.11226035, 0.64459354
631, 566280464, 0.42698458, 0.6241518, -0.11224109, 0.64460886
632, 566297131, 0.42694256, 0.624173, -0.11213679, 0.64463425
633, 566313798, 0.42691794, 0.6242301, -0.111996494, 0.6446198
634, 566330465, 0.42686307, 0.6243, -0.111811385, 0.64462054
635, 566347132, 0.42675203, 0.624349, -0.11163055, 0.64467794
